{"v":"4.10.1","fr":24,"ip":0,"op":48,"w":170,"h":170,"nm":"合成 1","ddd":0,"assets":[{"id":"comp_2","layers":[{"ddd":0,"ind":1,"ty":1,"nm":"水滴","sr":1,"ks":{"o":{"a":1,"k":[{"i":{"x":[0.81],"y":[1]},"o":{"x":[1],"y":[0]},"n":["0p81_1_1_0"],"t":5,"s":[100],"e":[4]},{"t":8}],"ix":11},"r":{"a":0,"k":0,"ix":10},"p":{"a":1,"k":[{"i":{"x":0.863,"y":1},"o":{"x":1,"y":0},"n":"0p863_1_1_0","t":0,"s":[464.701,602.309,0],"e":[464.701,669.309,0],"to":[0,11.1666669845581,0],"ti":[0,-11.1666669845581,0]},{"t":8}],"ix":2},"a":{"a":0,"k":[483.356,643.559,0],"ix":1},"s":{"a":1,"k":[{"i":{"x":[0.833,0.833,0.833],"y":[0.833,0.833,0.833]},"o":{"x":[0.167,0.167,0.167],"y":[0.167,0.167,0.167]},"n":["0p833_0p833_0p167_0p167","0p833_0p833_0p167_0p167","0p833_0p833_0p167_0p167"],"t":2,"s":[46,46,100],"e":[60,60,100]},{"t":51}],"ix":6}},"ao":0,"hasMask":true,"masksProperties":[{"inv":false,"mode":"a","pt":{"a":0,"k":{"i":[[4.057,0],[0,-9.836],[-10,0],[0,9.836]],"o":[[-3.777,0],[0,9.836],[10,0],[0,-9.836]],"v":[[483.543,613.194],[465.25,643.559],[483.356,661.368],[501.463,643.559]],"c":true},"ix":1},"o":{"a":0,"k":100,"ix":3},"x":{"a":0,"k":0,"ix":4},"nm":"蒙版 1"}],"sw":750,"sh":1334,"sc":"#28c97c","ip":0,"op":12,"st":0,"bm":0},{"ddd":0,"ind":2,"ty":4,"nm":"点赞过后 2","sr":1,"ks":{"o":{"a":0,"k":100,"ix":11},"r":{"a":0,"k":0,"ix":10},"p":{"a":0,"k":[464.701,668.525,0],"ix":2},"a":{"a":0,"k":[64.62,0.009,0],"ix":1},"s":{"a":0,"k":[58,58,100],"ix":6}},"ao":0,"shapes":[{"ty":"gr","it":[{"d":1,"ty":"el","s":{"a":0,"k":[24.01,24.01],"ix":2},"p":{"a":0,"k":[0,0],"ix":3},"nm":"椭圆路径 1","mn":"ADBE Vector Shape - Ellipse","hd":false},{"ty":"fl","c":{"a":0,"k":[0.156862750649,0.78823530674,0.486274510622,1],"ix":4},"o":{"a":0,"k":100,"ix":5},"r":1,"nm":"填充 1","mn":"ADBE Vector Graphic - Fill","hd":false},{"ty":"tr","p":{"a":0,"k":[64.62,0.009],"ix":2},"a":{"a":0,"k":[0,0],"ix":1},"s":{"a":0,"k":[84.397,84.397],"ix":3},"r":{"a":0,"k":0,"ix":6},"o":{"a":0,"k":100,"ix":7},"sk":{"a":0,"k":0,"ix":4},"sa":{"a":0,"k":0,"ix":5},"nm":"变换"}],"nm":"椭圆 1","np":3,"cix":2,"ix":1,"mn":"ADBE Vector Group","hd":false}],"ip":0,"op":146,"st":0,"bm":0},{"ddd":0,"ind":3,"ty":4,"nm":"点赞过后","sr":1,"ks":{"o":{"a":0,"k":100,"ix":11},"r":{"a":0,"k":0,"ix":10},"p":{"a":0,"k":[464.701,668.525,0],"ix":2},"a":{"a":0,"k":[40.268,0.046,0],"ix":1},"s":{"a":0,"k":[100,100,100],"ix":6}},"ao":0,"shapes":[{"ty":"gr","it":[{"d":1,"ty":"el","s":{"a":0,"k":[20,20],"ix":2},"p":{"a":0,"k":[0,0],"ix":3},"nm":"椭圆路径 1","mn":"ADBE Vector Shape - Ellipse","hd":false},{"ty":"st","c":{"a":0,"k":[0.156862750649,0.78823530674,0.486274510622,1],"ix":3},"o":{"a":0,"k":100,"ix":4},"w":{"a":0,"k":1.2,"ix":5},"lc":1,"lj":2,"nm":"描边 1","mn":"ADBE Vector Graphic - Stroke","hd":false},{"ty":"tr","p":{"a":0,"k":[40.268,0.046],"ix":2},"a":{"a":0,"k":[0,0],"ix":1},"s":{"a":0,"k":[84.397,84.397],"ix":3},"r":{"a":0,"k":0,"ix":6},"o":{"a":0,"k":100,"ix":7},"sk":{"a":0,"k":0,"ix":4},"sa":{"a":0,"k":0,"ix":5},"nm":"变换"}],"nm":"椭圆 1","np":3,"cix":2,"ix":1,"mn":"ADBE Vector Group","hd":false}],"ip":0,"op":146,"st":0,"bm":0},{"ddd":0,"ind":4,"ty":4,"nm":"点赞过后 10","sr":1,"ks":{"o":{"a":1,"k":[{"i":{"x":[0.667],"y":[1]},"o":{"x":[0.333],"y":[0]},"n":["0p667_1_0p333_0"],"t":33,"s":[100],"e":[0]},{"t":66}],"ix":11},"r":{"a":0,"k":0,"ix":10},"p":{"a":1,"k":[{"i":{"x":0.177,"y":1},"o":{"x":0.333,"y":0},"n":"0p177_1_0p333_0","t":19,"s":[464.701,668.525,0],"e":[414.701,648.525,0],"to":[-8.33333301544189,-3.33333325386047,0],"ti":[8.33333301544189,3.33333325386047,0]},{"t":66}],"ix":2},"a":{"a":0,"k":[64.62,0.009,0],"ix":1},"s":{"a":1,"k":[{"i":{"x":[0.667,0.667,0.667],"y":[1,1,1]},"o":{"x":[0.333,0.333,0.333],"y":[0,0,0]},"n":["0p667_1_0p333_0","0p667_1_0p333_0","0p667_1_0p333_0"],"t":19,"s":[7,7,100],"e":[28,28,100]},{"t":66}],"ix":6}},"ao":0,"shapes":[{"ty":"gr","it":[{"d":1,"ty":"el","s":{"a":0,"k":[30.01,30.01],"ix":2},"p":{"a":0,"k":[0,0],"ix":3},"nm":"椭圆路径 1","mn":"ADBE Vector Shape - Ellipse","hd":false},{"ty":"fl","c":{"a":0,"k":[0.164705882353,0.686274509804,0.36862745098,1],"ix":4},"o":{"a":0,"k":100,"ix":5},"r":1,"nm":"填充 1","mn":"ADBE Vector Graphic - Fill","hd":false},{"ty":"tr","p":{"a":0,"k":[64.62,0.009],"ix":2},"a":{"a":0,"k":[0,0],"ix":1},"s":{"a":0,"k":[84.397,84.397],"ix":3},"r":{"a":0,"k":0,"ix":6},"o":{"a":0,"k":100,"ix":7},"sk":{"a":0,"k":0,"ix":4},"sa":{"a":0,"k":0,"ix":5},"nm":"变换"}],"nm":"椭圆 1","np":3,"cix":2,"ix":1,"mn":"ADBE Vector Group","hd":false}],"ip":13,"op":78,"st":5,"bm":0},{"ddd":0,"ind":5,"ty":4,"nm":"点赞过后 9","sr":1,"ks":{"o":{"a":1,"k":[{"i":{"x":[0.667],"y":[1]},"o":{"x":[0.333],"y":[0]},"n":["0p667_1_0p333_0"],"t":31,"s":[100],"e":[0]},{"t":61}],"ix":11},"r":{"a":0,"k":0,"ix":10},"p":{"a":1,"k":[{"i":{"x":0.177,"y":1},"o":{"x":0.333,"y":0},"n":"0p177_1_0p333_0","t":19,"s":[464.701,668.525,0],"e":[437.201,673.525,0],"to":[-4.58333349227905,0.83333331346512,0],"ti":[4.58333349227905,-0.83333331346512,0]},{"t":61}],"ix":2},"a":{"a":0,"k":[64.62,0.009,0],"ix":1},"s":{"a":1,"k":[{"i":{"x":[0.667,0.667,0.667],"y":[1,1,1]},"o":{"x":[0.333,0.333,0.333],"y":[0,0,0]},"n":["0p667_1_0p333_0","0p667_1_0p333_0","0p667_1_0p333_0"],"t":19,"s":[7,7,100],"e":[14,14,100]},{"t":61}],"ix":6}},"ao":0,"shapes":[{"ty":"gr","it":[{"d":1,"ty":"el","s":{"a":0,"k":[30.01,30.01],"ix":2},"p":{"a":0,"k":[0,0],"ix":3},"nm":"椭圆路径 1","mn":"ADBE Vector Shape - Ellipse","hd":false},{"ty":"fl","c":{"a":0,"k":[0.164705882353,0.686274509804,0.36862745098,1],"ix":4},"o":{"a":0,"k":100,"ix":5},"r":1,"nm":"填充 1","mn":"ADBE Vector Graphic - Fill","hd":false},{"ty":"tr","p":{"a":0,"k":[64.62,0.009],"ix":2},"a":{"a":0,"k":[0,0],"ix":1},"s":{"a":0,"k":[84.397,84.397],"ix":3},"r":{"a":0,"k":0,"ix":6},"o":{"a":0,"k":100,"ix":7},"sk":{"a":0,"k":0,"ix":4},"sa":{"a":0,"k":0,"ix":5},"nm":"变换"}],"nm":"椭圆 1","np":3,"cix":2,"ix":1,"mn":"ADBE Vector Group","hd":false}],"ip":8,"op":73,"st":0,"bm":0},{"ddd":0,"ind":6,"ty":4,"nm":"点赞过后 8","sr":1,"ks":{"o":{"a":1,"k":[{"i":{"x":[0.667],"y":[1]},"o":{"x":[0.333],"y":[0]},"n":["0p667_1_0p333_0"],"t":32,"s":[100],"e":[0]},{"t":64}],"ix":11},"r":{"a":0,"k":0,"ix":10},"p":{"a":1,"k":[{"i":{"x":0.177,"y":1},"o":{"x":0.333,"y":0},"n":"0p177_1_0p333_0","t":19,"s":[464.701,668.525,0],"e":[422.201,673.525,0],"to":[-7.08333349227905,0.83333331346512,0],"ti":[7.08333349227905,-0.83333331346512,0]},{"t":64}],"ix":2},"a":{"a":0,"k":[64.62,0.009,0],"ix":1},"s":{"a":1,"k":[{"i":{"x":[0.667,0.667,0.667],"y":[1,1,1]},"o":{"x":[0.333,0.333,0.333],"y":[0,0,0]},"n":["0p667_1_0p333_0","0p667_1_0p333_0","0p667_1_0p333_0"],"t":19,"s":[7,7,100],"e":[10,10,100]},{"t":64}],"ix":6}},"ao":0,"shapes":[{"ty":"gr","it":[{"d":1,"ty":"el","s":{"a":0,"k":[30.01,30.01],"ix":2},"p":{"a":0,"k":[0,0],"ix":3},"nm":"椭圆路径 1","mn":"ADBE Vector Shape - Ellipse","hd":false},{"ty":"fl","c":{"a":0,"k":[0.164705882353,0.686274509804,0.36862745098,1],"ix":4},"o":{"a":0,"k":100,"ix":5},"r":1,"nm":"填充 1","mn":"ADBE Vector Graphic - Fill","hd":false},{"ty":"tr","p":{"a":0,"k":[64.62,0.009],"ix":2},"a":{"a":0,"k":[0,0],"ix":1},"s":{"a":0,"k":[84.397,84.397],"ix":3},"r":{"a":0,"k":0,"ix":6},"o":{"a":0,"k":100,"ix":7},"sk":{"a":0,"k":0,"ix":4},"sa":{"a":0,"k":0,"ix":5},"nm":"变换"}],"nm":"椭圆 1","np":3,"cix":2,"ix":1,"mn":"ADBE Vector Group","hd":false}],"ip":11,"op":76,"st":3,"bm":0},{"ddd":0,"ind":7,"ty":4,"nm":"点赞过后 7","sr":1,"ks":{"o":{"a":1,"k":[{"i":{"x":[0.667],"y":[1]},"o":{"x":[0.333],"y":[0]},"n":["0p667_1_0p333_0"],"t":27,"s":[100],"e":[0]},{"t":61}],"ix":11},"r":{"a":0,"k":0,"ix":10},"p":{"a":1,"k":[{"i":{"x":0.177,"y":1},"o":{"x":0.333,"y":0},"n":"0p177_1_0p333_0","t":18,"s":[464.701,668.525,0],"e":[432.201,691.025,0],"to":[-5.41666650772095,3.75,0],"ti":[5.41666650772095,-3.75,0]},{"t":61}],"ix":2},"a":{"a":0,"k":[64.62,0.009,0],"ix":1},"s":{"a":1,"k":[{"i":{"x":[0.667,0.667,0.667],"y":[1,1,1]},"o":{"x":[0.333,0.333,0.333],"y":[0,0,0]},"n":["0p667_1_0p333_0","0p667_1_0p333_0","0p667_1_0p333_0"],"t":18,"s":[7,7,100],"e":[24,24,100]},{"t":61}],"ix":6}},"ao":0,"shapes":[{"ty":"gr","it":[{"d":1,"ty":"el","s":{"a":0,"k":[30.01,30.01],"ix":2},"p":{"a":0,"k":[0,0],"ix":3},"nm":"椭圆路径 1","mn":"ADBE Vector Shape - Ellipse","hd":false},{"ty":"fl","c":{"a":0,"k":[0.164705882353,0.686274509804,0.36862745098,1],"ix":4},"o":{"a":0,"k":100,"ix":5},"r":1,"nm":"填充 1","mn":"ADBE Vector Graphic - Fill","hd":false},{"ty":"tr","p":{"a":0,"k":[64.62,0.009],"ix":2},"a":{"a":0,"k":[0,0],"ix":1},"s":{"a":0,"k":[84.397,84.397],"ix":3},"r":{"a":0,"k":0,"ix":6},"o":{"a":0,"k":100,"ix":7},"sk":{"a":0,"k":0,"ix":4},"sa":{"a":0,"k":0,"ix":5},"nm":"变换"}],"nm":"椭圆 1","np":3,"cix":2,"ix":1,"mn":"ADBE Vector Group","hd":false}],"ip":8,"op":73,"st":0,"bm":0},{"ddd":0,"ind":8,"ty":4,"nm":"点赞过后 6","sr":1,"ks":{"o":{"a":1,"k":[{"i":{"x":[0.667],"y":[1]},"o":{"x":[0.333],"y":[0]},"n":["0p667_1_0p333_0"],"t":29,"s":[100],"e":[0]},{"t":62}],"ix":11},"r":{"a":0,"k":0,"ix":10},"p":{"a":1,"k":[{"i":{"x":0.177,"y":1},"o":{"x":0.333,"y":0},"n":"0p177_1_0p333_0","t":27,"s":[464.701,668.525,0],"e":[519.701,686.025,0],"to":[9.16666698455811,2.91666674613953,0],"ti":[-9.16666698455811,-2.91666674613953,0]},{"t":62}],"ix":2},"a":{"a":0,"k":[64.62,0.009,0],"ix":1},"s":{"a":1,"k":[{"i":{"x":[0.667,0.667,0.667],"y":[1,1,1]},"o":{"x":[0.333,0.333,0.333],"y":[0,0,0]},"n":["0p667_1_0p333_0","0p667_1_0p333_0","0p667_1_0p333_0"],"t":27,"s":[7,7,100],"e":[24,24,100]},{"t":62}],"ix":6}},"ao":0,"shapes":[{"ty":"gr","it":[{"d":1,"ty":"el","s":{"a":0,"k":[30.01,30.01],"ix":2},"p":{"a":0,"k":[0,0],"ix":3},"nm":"椭圆路径 1","mn":"ADBE Vector Shape - Ellipse","hd":false},{"ty":"fl","c":{"a":0,"k":[0.164705882353,0.686274509804,0.36862745098,1],"ix":4},"o":{"a":0,"k":100,"ix":5},"r":1,"nm":"填充 1","mn":"ADBE Vector Graphic - Fill","hd":false},{"ty":"tr","p":{"a":0,"k":[64.62,0.009],"ix":2},"a":{"a":0,"k":[0,0],"ix":1},"s":{"a":0,"k":[84.397,84.397],"ix":3},"r":{"a":0,"k":0,"ix":6},"o":{"a":0,"k":100,"ix":7},"sk":{"a":0,"k":0,"ix":4},"sa":{"a":0,"k":0,"ix":5},"nm":"变换"}],"nm":"椭圆 1","np":3,"cix":2,"ix":1,"mn":"ADBE Vector Group","hd":false}],"ip":9,"op":74,"st":1,"bm":0},{"ddd":0,"ind":9,"ty":4,"nm":"点赞过后 5","sr":1,"ks":{"o":{"a":1,"k":[{"i":{"x":[0.667],"y":[1]},"o":{"x":[0.333],"y":[0]},"n":["0p667_1_0p333_0"],"t":23,"s":[100],"e":[0]},{"t":57}],"ix":11},"r":{"a":0,"k":0,"ix":10},"p":{"a":1,"k":[{"i":{"x":0.177,"y":1},"o":{"x":0.333,"y":0},"n":"0p177_1_0p333_0","t":21,"s":[464.701,668.525,0],"e":[487.201,678.525,0],"to":[3.75,1.66666662693024,0],"ti":[-3.75,-1.66666662693024,0]},{"t":61}],"ix":2},"a":{"a":0,"k":[64.62,0.009,0],"ix":1},"s":{"a":1,"k":[{"i":{"x":[0.667,0.667,0.667],"y":[1,1,1]},"o":{"x":[0.333,0.333,0.333],"y":[0,0,0]},"n":["0p667_1_0p333_0","0p667_1_0p333_0","0p667_1_0p333_0"],"t":21,"s":[7,7,100],"e":[17,17,100]},{"t":61}],"ix":6}},"ao":0,"shapes":[{"ty":"gr","it":[{"d":1,"ty":"el","s":{"a":0,"k":[30.01,30.01],"ix":2},"p":{"a":0,"k":[0,0],"ix":3},"nm":"椭圆路径 1","mn":"ADBE Vector Shape - Ellipse","hd":false},{"ty":"fl","c":{"a":0,"k":[0.164705882353,0.686274509804,0.36862745098,1],"ix":4},"o":{"a":0,"k":100,"ix":5},"r":1,"nm":"填充 1","mn":"ADBE Vector Graphic - Fill","hd":false},{"ty":"tr","p":{"a":0,"k":[64.62,0.009],"ix":2},"a":{"a":0,"k":[0,0],"ix":1},"s":{"a":0,"k":[84.397,84.397],"ix":3},"r":{"a":0,"k":0,"ix":6},"o":{"a":0,"k":100,"ix":7},"sk":{"a":0,"k":0,"ix":4},"sa":{"a":0,"k":0,"ix":5},"nm":"变换"}],"nm":"椭圆 1","np":3,"cix":2,"ix":1,"mn":"ADBE Vector Group","hd":false}],"ip":8,"op":73,"st":0,"bm":0},{"ddd":0,"ind":10,"ty":4,"nm":"点赞过后 4","sr":1,"ks":{"o":{"a":1,"k":[{"i":{"x":[0.667],"y":[1]},"o":{"x":[0.333],"y":[0]},"n":["0p667_1_0p333_0"],"t":25,"s":[100],"e":[0]},{"t":57}],"ix":11},"r":{"a":0,"k":0,"ix":10},"p":{"a":1,"k":[{"i":{"x":0.165,"y":1},"o":{"x":0.333,"y":0},"n":"0p165_1_0p333_0","t":27,"s":[464.701,668.525,0],"e":[502.201,676.025,0],"to":[6.25,1.25,0],"ti":[-6.25,-1.25,0]},{"t":62}],"ix":2},"a":{"a":0,"k":[64.62,0.009,0],"ix":1},"s":{"a":1,"k":[{"i":{"x":[0.667,0.667,0.667],"y":[1,1,1]},"o":{"x":[0.333,0.333,0.333],"y":[0,0,0]},"n":["0p667_1_0p333_0","0p667_1_0p333_0","0p667_1_0p333_0"],"t":27,"s":[7,7,100],"e":[18,18,100]},{"t":62}],"ix":6}},"ao":0,"shapes":[{"ty":"gr","it":[{"d":1,"ty":"el","s":{"a":0,"k":[30.01,30.01],"ix":2},"p":{"a":0,"k":[0,0],"ix":3},"nm":"椭圆路径 1","mn":"ADBE Vector Shape - Ellipse","hd":false},{"ty":"fl","c":{"a":0,"k":[0.164705882353,0.686274509804,0.36862745098,1],"ix":4},"o":{"a":0,"k":100,"ix":5},"r":1,"nm":"填充 1","mn":"ADBE Vector Graphic - Fill","hd":false},{"ty":"tr","p":{"a":0,"k":[64.62,0.009],"ix":2},"a":{"a":0,"k":[0,0],"ix":1},"s":{"a":0,"k":[84.397,84.397],"ix":3},"r":{"a":0,"k":0,"ix":6},"o":{"a":0,"k":100,"ix":7},"sk":{"a":0,"k":0,"ix":4},"sa":{"a":0,"k":0,"ix":5},"nm":"变换"}],"nm":"椭圆 1","np":3,"cix":2,"ix":1,"mn":"ADBE Vector Group","hd":false}],"ip":9,"op":74,"st":1,"bm":0},{"ddd":0,"ind":11,"ty":4,"nm":"点赞过后 3","sr":1,"ks":{"o":{"a":1,"k":[{"i":{"x":[0.667],"y":[1]},"o":{"x":[0.333],"y":[0]},"n":["0p667_1_0p333_0"],"t":27,"s":[100],"e":[0]},{"t":57}],"ix":11},"r":{"a":0,"k":0,"ix":10},"p":{"a":1,"k":[{"i":{"x":0.132,"y":1},"o":{"x":0.333,"y":0},"n":"0p132_1_0p333_0","t":25,"s":[464.701,668.525,0],"e":[489.701,658.525,0],"to":[4.16666650772095,-1.66666662693024,0],"ti":[-4.16666650772095,1.66666662693024,0]},{"t":61}],"ix":2},"a":{"a":0,"k":[64.62,0.009,0],"ix":1},"s":{"a":1,"k":[{"i":{"x":[0.667,0.667,0.667],"y":[1,1,1]},"o":{"x":[0.333,0.333,0.333],"y":[0,0,0]},"n":["0p667_1_0p333_0","0p667_1_0p333_0","0p667_1_0p333_0"],"t":25,"s":[7,7,100],"e":[31,31,100]},{"t":61}],"ix":6}},"ao":0,"shapes":[{"ty":"gr","it":[{"d":1,"ty":"el","s":{"a":0,"k":[30.01,30.01],"ix":2},"p":{"a":0,"k":[0,0],"ix":3},"nm":"椭圆路径 1","mn":"ADBE Vector Shape - Ellipse","hd":false},{"ty":"fl","c":{"a":0,"k":[0.164705882353,0.686274509804,0.36862745098,1],"ix":4},"o":{"a":0,"k":100,"ix":5},"r":1,"nm":"填充 1","mn":"ADBE Vector Graphic - Fill","hd":false},{"ty":"tr","p":{"a":0,"k":[64.62,0.009],"ix":2},"a":{"a":0,"k":[0,0],"ix":1},"s":{"a":0,"k":[84.397,84.397],"ix":3},"r":{"a":0,"k":0,"ix":6},"o":{"a":0,"k":100,"ix":7},"sk":{"a":0,"k":0,"ix":4},"sa":{"a":0,"k":0,"ix":5},"nm":"变换"}],"nm":"椭圆 1","np":3,"cix":2,"ix":1,"mn":"ADBE Vector Group","hd":false}],"ip":8,"op":73,"st":0,"bm":0},{"ddd":0,"ind":12,"ty":0,"nm":"预合成 2","refId":"comp_3","sr":1,"ks":{"o":{"a":0,"k":100,"ix":11},"r":{"a":0,"k":0,"ix":10},"p":{"a":0,"k":[464.875,668.562,0],"ix":2},"a":{"a":0,"k":[464.875,668.562,0],"ix":1},"s":{"a":0,"k":[82,82,100],"ix":6}},"ao":0,"w":750,"h":1334,"ip":0,"op":72,"st":0,"bm":0}]},{"id":"comp_3","layers":[{"ddd":0,"ind":1,"ty":4,"nm":"红色描边","sr":1,"ks":{"o":{"a":1,"k":[{"i":{"x":[0.667],"y":[1]},"o":{"x":[0.333],"y":[0]},"n":["0p667_1_0p333_0"],"t":27,"s":[100],"e":[0]},{"t":59}],"ix":11},"r":{"a":0,"k":0,"ix":10},"p":{"a":0,"k":[464.701,668.525,0],"ix":2},"a":{"a":0,"k":[64.62,0.009,0],"ix":1},"s":{"a":1,"k":[{"i":{"x":[0.15,0.15,0.667],"y":[1.031,1.031,1]},"o":{"x":[0.333,0.333,0.333],"y":[0,0,0]},"n":["0p15_1p031_0p333_0","0p15_1p031_0p333_0","0p667_1_0p333_0"],"t":13,"s":[58,58,100],"e":[315,315,100]},{"t":59}],"ix":6}},"ao":0,"shapes":[{"ty":"gr","it":[{"d":1,"ty":"el","s":{"a":0,"k":[30.01,30.01],"ix":2},"p":{"a":0,"k":[0,0],"ix":3},"nm":"椭圆路径 1","mn":"ADBE Vector Shape - Ellipse","hd":false},{"ty":"st","c":{"a":0,"k":[0.796093761921,0.302096098661,0.718679487705,1],"ix":3},"o":{"a":0,"k":100,"ix":4},"w":{"a":0,"k":1,"ix":5},"lc":1,"lj":2,"nm":"描边 1","mn":"ADBE Vector Graphic - Stroke","hd":false},{"ty":"tr","p":{"a":0,"k":[64.62,0.009],"ix":2},"a":{"a":0,"k":[0,0],"ix":1},"s":{"a":0,"k":[84.397,84.397],"ix":3},"r":{"a":0,"k":0,"ix":6},"o":{"a":0,"k":100,"ix":7},"sk":{"a":0,"k":0,"ix":4},"sa":{"a":0,"k":0,"ix":5},"nm":"变换"}],"nm":"椭圆 1","np":3,"cix":2,"ix":1,"mn":"ADBE Vector Group","hd":false}],"ip":8,"op":62,"st":0,"bm":0},{"ddd":0,"ind":2,"ty":4,"nm":"紫色描边","sr":1,"ks":{"o":{"a":1,"k":[{"i":{"x":[0.667],"y":[1.651]},"o":{"x":[0.333],"y":[0]},"n":["0p667_1p651_0p333_0"],"t":25,"s":[100],"e":[100]},{"i":{"x":[0.667],"y":[1]},"o":{"x":[0.333],"y":[0.104]},"n":["0p667_1_0p333_0p104"],"t":27,"s":[100],"e":[0]},{"t":59}],"ix":11},"r":{"a":0,"k":0,"ix":10},"p":{"a":0,"k":[464.701,668.525,0],"ix":2},"a":{"a":0,"k":[64.62,0.009,0],"ix":1},"s":{"a":1,"k":[{"i":{"x":[0.216,0.216,0.667],"y":[1.044,1.044,1]},"o":{"x":[0.333,0.333,0.333],"y":[0,0,0]},"n":["0p216_1p044_0p333_0","0p216_1p044_0p333_0","0p667_1_0p333_0"],"t":19,"s":[58,58,100],"e":[569,569,100]},{"t":59}],"ix":6}},"ao":0,"shapes":[{"ty":"gr","it":[{"d":1,"ty":"el","s":{"a":0,"k":[30.01,30.01],"ix":2},"p":{"a":0,"k":[0,0],"ix":3},"nm":"椭圆路径 1","mn":"ADBE Vector Shape - Ellipse","hd":false},{"ty":"st","c":{"a":0,"k":[0.302096108829,0.315535631367,0.79609375,1],"ix":3},"o":{"a":0,"k":100,"ix":4},"w":{"a":0,"k":2,"ix":5},"lc":1,"lj":2,"nm":"描边 1","mn":"ADBE Vector Graphic - Stroke","hd":false},{"ty":"tr","p":{"a":0,"k":[64.62,0.009],"ix":2},"a":{"a":0,"k":[0,0],"ix":1},"s":{"a":0,"k":[84.397,84.397],"ix":3},"r":{"a":0,"k":0,"ix":6},"o":{"a":0,"k":100,"ix":7},"sk":{"a":0,"k":0,"ix":4},"sa":{"a":0,"k":0,"ix":5},"nm":"变换"}],"nm":"椭圆 1","np":3,"cix":2,"ix":1,"mn":"ADBE Vector Group","hd":false}],"ip":8,"op":61,"st":0,"bm":0},{"ddd":0,"ind":3,"ty":4,"nm":"白色波纹","sr":1,"ks":{"o":{"a":1,"k":[{"i":{"x":[0.667],"y":[1]},"o":{"x":[0.333],"y":[0]},"n":["0p667_1_0p333_0"],"t":44,"s":[100],"e":[0]},{"t":56}],"ix":11},"r":{"a":0,"k":0,"ix":10},"p":{"a":0,"k":[464.701,668.525,0],"ix":2},"a":{"a":0,"k":[64.62,0.009,0],"ix":1},"s":{"a":1,"k":[{"i":{"x":[0.178,0.178,0.667],"y":[1,1,1]},"o":{"x":[0.333,0.333,0.333],"y":[0,0,0]},"n":["0p178_1_0p333_0","0p178_1_0p333_0","0p667_1_0p333_0"],"t":8,"s":[46,46,100],"e":[297,297,100]},{"t":59}],"ix":6}},"ao":0,"shapes":[{"ty":"gr","it":[{"d":1,"ty":"el","s":{"a":0,"k":[30.01,30.01],"ix":2},"p":{"a":0,"k":[0,0],"ix":3},"nm":"椭圆路径 1","mn":"ADBE Vector Shape - Ellipse","hd":false},{"ty":"fl","c":{"a":0,"k":[1,1,1,1],"ix":4},"o":{"a":0,"k":100,"ix":5},"r":1,"nm":"填充 1","mn":"ADBE Vector Graphic - Fill","hd":false},{"ty":"tr","p":{"a":0,"k":[64.62,0.009],"ix":2},"a":{"a":0,"k":[0,0],"ix":1},"s":{"a":0,"k":[84.397,84.397],"ix":3},"r":{"a":0,"k":0,"ix":6},"o":{"a":0,"k":100,"ix":7},"sk":{"a":0,"k":0,"ix":4},"sa":{"a":0,"k":0,"ix":5},"nm":"变换"}],"nm":"椭圆 1","np":3,"cix":2,"ix":1,"mn":"ADBE Vector Group","hd":false}],"ip":8,"op":61,"st":7,"bm":0},{"ddd":0,"ind":4,"ty":4,"nm":"蓝色波纹","sr":1,"ks":{"o":{"a":1,"k":[{"i":{"x":[0.667],"y":[1]},"o":{"x":[0.333],"y":[0]},"n":["0p667_1_0p333_0"],"t":11,"s":[100],"e":[0]},{"t":59}],"ix":11},"r":{"a":0,"k":0,"ix":10},"p":{"a":0,"k":[464.701,668.525,0],"ix":2},"a":{"a":0,"k":[64.62,0.009,0],"ix":1},"s":{"a":1,"k":[{"i":{"x":[0.146,0.146,0.667],"y":[1,1,1]},"o":{"x":[0.333,0.333,0.333],"y":[0,0,0]},"n":["0p146_1_0p333_0","0p146_1_0p333_0","0p667_1_0p333_0"],"t":11,"s":[58,58,100],"e":[680,680,100]},{"t":59}],"ix":6}},"ao":0,"shapes":[{"ty":"gr","it":[{"d":1,"ty":"el","s":{"a":0,"k":[30.01,30.01],"ix":2},"p":{"a":0,"k":[0,0],"ix":3},"nm":"椭圆路径 1","mn":"ADBE Vector Shape - Ellipse","hd":false},{"ty":"fl","c":{"a":0,"k":[0.644837622549,0.936899820964,1,1],"ix":4},"o":{"a":0,"k":100,"ix":5},"r":1,"nm":"填充 1","mn":"ADBE Vector Graphic - Fill","hd":false},{"ty":"tr","p":{"a":0,"k":[64.62,0.009],"ix":2},"a":{"a":0,"k":[0,0],"ix":1},"s":{"a":0,"k":[84.397,84.397],"ix":3},"r":{"a":0,"k":0,"ix":6},"o":{"a":0,"k":100,"ix":7},"sk":{"a":0,"k":0,"ix":4},"sa":{"a":0,"k":0,"ix":5},"nm":"变换"}],"nm":"椭圆 1","np":3,"cix":2,"ix":1,"mn":"ADBE Vector Group","hd":false}],"ip":8,"op":73,"st":0,"bm":0},{"ddd":0,"ind":5,"ty":4,"nm":"绿色波纹","sr":1,"ks":{"o":{"a":1,"k":[{"i":{"x":[0.667],"y":[1]},"o":{"x":[0.333],"y":[0]},"n":["0p667_1_0p333_0"],"t":11,"s":[100],"e":[0]},{"t":59}],"ix":11},"r":{"a":0,"k":0,"ix":10},"p":{"a":0,"k":[464.701,668.525,0],"ix":2},"a":{"a":0,"k":[64.62,0.009,0],"ix":1},"s":{"a":1,"k":[{"i":{"x":[0.062,0.062,0.667],"y":[1,1,-0.361]},"o":{"x":[0.333,0.333,0.333],"y":[0,0,0]},"n":["0p062_1_0p333_0","0p062_1_0p333_0","0p667_-0p361_0p333_0"],"t":8,"s":[58,58,100],"e":[800,800,100]},{"t":59}],"ix":6}},"ao":0,"shapes":[{"ty":"gr","it":[{"d":1,"ty":"el","s":{"a":0,"k":[30.01,30.01],"ix":2},"p":{"a":0,"k":[0,0],"ix":3},"nm":"椭圆路径 1","mn":"ADBE Vector Shape - Ellipse","hd":false},{"ty":"fl","c":{"a":0,"k":[0.156862750649,0.78823530674,0.486274510622,1],"ix":4},"o":{"a":0,"k":100,"ix":5},"r":1,"nm":"填充 1","mn":"ADBE Vector Graphic - Fill","hd":false},{"ty":"tr","p":{"a":0,"k":[64.62,0.009],"ix":2},"a":{"a":0,"k":[0,0],"ix":1},"s":{"a":0,"k":[84.397,84.397],"ix":3},"r":{"a":0,"k":0,"ix":6},"o":{"a":0,"k":100,"ix":7},"sk":{"a":0,"k":0,"ix":4},"sa":{"a":0,"k":0,"ix":5},"nm":"变换"}],"nm":"椭圆 1","np":3,"cix":2,"ix":1,"mn":"ADBE Vector Group","hd":false}],"ip":8,"op":73,"st":0,"bm":0}]}],"layers":[{"ddd":0,"ind":1,"ty":0,"nm":"预合成 1","refId":"comp_2","sr":0.4,"ks":{"o":{"a":0,"k":100,"ix":11},"r":{"a":0,"k":0,"ix":10},"p":{"a":0,"k":[85.008,85,0],"ix":2},"a":{"a":0,"k":[464.5,668.555,0],"ix":1},"s":{"a":0,"k":[100,100,100],"ix":6}},"ao":0,"w":750,"h":1334,"ip":0,"op":29,"st":0,"bm":0}]}