{
  "project_info": {
    "project_number": "448807903954",
    "firebase_url": "https://mapsguugle-1525925716247.firebaseio.com",
    "project_id": "mapsguugle-1525925716247",
    "storage_bucket": "mapsguugle-1525925716247.appspot.com"
  },
  "client": [
    {
      "client_info": {
        "mobilesdk_app_id": "1:448807903954:android:b9583b08ac90fd24",
        "android_client_info": {
          "package_name": "mx.edu.ittepic.googlemapsfirebase"
        }
      },
      "oauth_client": [
        {
          "client_id": "448807903954-kmb32f9tmrag7ar0ljc6jimq8ipmc411.apps.googleusercontent.com",
          "client_type": 3
        }
      ],
      "api_key": [
        {
          "current_key": "AIzaSyA9UlIqFvWwQLYrG71eLwLdjzu6HydE9WA"
        }
      ],
      "services": {
        "analytics_service": {
          "status": 1
        },
        "appinvite_service": {
          "status": 1,
          "other_platform_oauth_client": []
        },
        "ads_service": {
          "status": 2
        }
      }
    }
  ],
  "configuration_version": "1"
}