{
  "project_info": {
    "project_number": "640256948664",
    "firebase_url": "https://contentllamada.firebaseio.com",
    "project_id": "contentllamada",
    "storage_bucket": "contentllamada.appspot.com"
  },
  "client": [
    {
      "client_info": {
        "mobilesdk_app_id": "1:640256948664:android:deb95aad14268f6a",
        "android_client_info": {
          "package_name": "com.example.carolinamondragon.llamada"
        }
      },
      "oauth_client": [
        {
          "client_id": "640256948664-kje0vk04iakbcble6qpst7em13gt4vim.apps.googleusercontent.com",
          "client_type": 3
        }
      ],
      "api_key": [
        {
          "current_key": "AIzaSyAG9O_YlZCSdpntyyKG00JMmEhdEKfnj5A"
        }
      ],
      "services": {
        "analytics_service": {
          "status": 1
        },
        "appinvite_service": {
          "status": 1,
          "other_platform_oauth_client": []
        },
        "ads_service": {
          "status": 2
        }
      }
    }
  ],
  "configuration_version": "1"
}